{
  "HomePage" : {
    "transaction" : "HomePage",
    "sampleCount" : 20,
    "errorCount" : 20,
    "errorPct" : 100.0,
    "meanResTime" : 44775.99999999999,
    "medianResTime" : 45969.0,
    "minResTime" : 1195.0,
    "maxResTime" : 68080.0,
    "pct1ResTime" : 62316.6,
    "pct2ResTime" : 67792.59999999999,
    "pct3ResTime" : 68080.0,
    "throughput" : 0.28568571714257146,
    "receivedKBytesPerSec" : 12.17307119734455,
    "sentKBytesPerSec" : 0.031525865270615794
  },
  "ArchivesPage" : {
    "transaction" : "ArchivesPage",
    "sampleCount" : 20,
    "errorCount" : 20,
    "errorPct" : 100.0,
    "meanResTime" : 33983.700000000004,
    "medianResTime" : 50101.0,
    "minResTime" : 1075.0,
    "maxResTime" : 63188.0,
    "pct1ResTime" : 61023.9,
    "pct2ResTime" : 63079.95,
    "pct3ResTime" : 63188.0,
    "throughput" : 0.12580990123922753,
    "receivedKBytesPerSec" : 4.195268761401523,
    "sentKBytesPerSec" : 0.054796109328804174
  },
  "Total" : {
    "transaction" : "Total",
    "sampleCount" : 60,
    "errorCount" : 60,
    "errorPct" : 100.0,
    "meanResTime" : 37161.716666666645,
    "medianResTime" : 47205.0,
    "minResTime" : 528.0,
    "maxResTime" : 68080.0,
    "pct1ResTime" : 62907.1,
    "pct2ResTime" : 65048.35,
    "pct3ResTime" : 68080.0,
    "throughput" : 0.3517741141155226,
    "receivedKBytesPerSec" : 11.363225689843695,
    "sentKBytesPerSec" : 0.11473882237752399
  },
  "AboutPage" : {
    "transaction" : "AboutPage",
    "sampleCount" : 20,
    "errorCount" : 20,
    "errorPct" : 100.0,
    "meanResTime" : 32725.45,
    "medianResTime" : 44711.5,
    "minResTime" : 528.0,
    "maxResTime" : 65985.0,
    "pct1ResTime" : 65029.700000000004,
    "pct2ResTime" : 65939.1,
    "pct3ResTime" : 65985.0,
    "throughput" : 0.16083764244183707,
    "receivedKBytesPerSec" : 3.369831331574842,
    "sentKBytesPerSec" : 0.0695811285173182
  }
}